AUC ROC,Average Precision,Accuracy,Sensibilité (Recall),Spécificité,Précision
0.9512502145441641,0.9574812214798845,0.8602294921875,0.7492214691335409,0.9711427002623391,0.9628815820450444
